{"cameraMode":{"drawMode":0,"name":"Shaded","section":"Shading Mode"},"sceneLighting":false,"audioPlay":false,"sceneViewState":{"showFog":true,"showMaterialUpdate":true,"showSkybox":false,"showFlares":true,"showImageEffects":true,"showParticleSystems":true},"in2DMode":false,"pivot":{"x":4.76837158203125e-7,"y":1.999999761581421,"z":2.980232238769531e-7},"rotation":{"x":0.08881419152021408,"y":-0.5567043423652649,"z":0.06002095341682434,"w":0.8237656354904175},"size":11.431535720825196,"orthographic":false}